id;note;date_examination;reminder_id;external_id;uuid;date_created;date_modified;date_synched;date_deleted;date_finished
1;while consequently tusk;2025-02-10T02:48:48;roasted per by;13123;blah;2025-02-10T13:58:39;2025-02-09T23:40:17;2025-02-09T21:25:15;2025-02-10T10:27:48;2025-02-10T17:14:01
2;concrete;2025-02-10T09:13:16;gift;17891;intent quash;2025-02-10T12:35:05;2025-02-10T11:14:00;2025-02-10T08:45:42;2025-02-10T05:10:10;2025-02-10T18:43:16
3;ugh possible;2025-02-10T16:48:42;stoop hospitalization;10310;declaration cycle;2025-02-10T10:15:52;2025-02-10T09:28:01;2025-02-09T23:03:42;2025-02-10T03:39:23;2025-02-10T10:08:53
4;following;2025-02-10T19:10:44;zowie yum;4179;coexist;2025-02-10T12:41:40;2025-02-10T03:32:39;2025-02-10T16:28:33;2025-02-10T05:19:15;2025-02-09T22:14:12
5;uh-huh before;2025-02-10T11:47:28;unlike surprisingly plump;12121;scrape;2025-02-10T19:42:48;2025-02-10T06:40:25;2025-02-10T19:18:26;2025-02-10T04:34:34;2025-02-09T20:54:04
6;yearly glow;2025-02-10T00:31:58;or cake;1312;hm gee;2025-02-10T18:11:44;2025-02-10T15:04:32;2025-02-10T01:48:08;2025-02-10T07:43:24;2025-02-10T00:55:58
7;playfully blah matter;2025-02-10T16:17:28;gadzooks;1436;secret intensely as;2025-02-10T00:00:08;2025-02-09T21:43:38;2025-02-10T06:39:07;2025-02-10T14:50:43;2025-02-10T06:58:46
8;incidentally while yowza;2025-02-10T00:48:45;correctly;3255;partial;2025-02-10T10:03:40;2025-02-10T13:04:41;2025-02-10T16:17:36;2025-02-10T08:25:48;2025-02-10T17:14:59
9;hmph fooey hence;2025-02-09T21:57:36;godfather quiet coordinated;6502;peter though;2025-02-09T22:56:56;2025-02-10T03:34:05;2025-02-10T14:08:31;2025-02-10T05:03:41;2025-02-10T10:06:16
10;dandelion attribute;2025-02-09T20:07:06;bleach underneath;23316;since throughout;2025-02-10T02:05:13;2025-02-10T06:47:41;2025-02-10T19:21:14;2025-02-10T01:12:37;2025-02-09T22:51:29
