id;name;external_id;uuid;date_created;date_modified;date_synched;date_deleted
1;about;1259;by;2025-02-10T10:41:18;2025-02-10T15:04:08;2025-02-10T12:50:34;2025-02-10T04:38:32
2;forenenst;15103;squirm in scorpion;2025-02-10T17:58:16;2025-02-10T12:55:06;2025-02-10T12:41:05;2025-02-09T20:34:43
3;awesome how;28907;arcade outgoing phew;2025-02-10T09:38:17;2025-02-10T12:00:09;2025-02-10T05:56:06;2025-02-09T20:29:18
4;apud athwart;18313;how provided;2025-02-09T20:22:15;2025-02-10T15:55:00;2025-02-10T07:34:28;2025-02-09T23:49:56
5;oof hm;22812;inconsequential where;2025-02-10T14:45:26;2025-02-10T11:15:31;2025-02-10T05:36:11;2025-02-10T00:50:35
6;nab;10987;soft shudder;2025-02-09T23:25:34;2025-02-10T06:31:58;2025-02-10T03:14:21;2025-02-09T20:24:23
7;yawningly behind;17868;ocelot;2025-02-10T00:34:07;2025-02-09T23:48:25;2025-02-10T10:39:58;2025-02-10T16:14:05
8;icebreaker;31848;ew besides;2025-02-10T03:38:13;2025-02-09T23:38:19;2025-02-10T14:17:06;2025-02-10T07:03:08
9;joyously patroller;1670;through energetically;2025-02-10T09:26:32;2025-02-10T14:55:09;2025-02-10T14:04:38;2025-02-10T09:56:10
10;basket yum astride;10866;reclassify easily blacken;2025-02-10T08:46:09;2025-02-09T22:42:48;2025-02-10T07:16:38;2025-02-09T20:27:20
