id;location;external_id;uuid;date_created;date_modified;date_synched;date_deleted;date_finished
1;mould;29222;yippee;2025-02-10T10:49:22;2025-02-10T04:37:38;2025-02-10T06:41:53;2025-02-10T07:53:56;2025-02-10T18:30:33
2;ride e-mail;3013;obediently;2025-02-10T08:19:28;2025-02-10T01:02:36;2025-02-10T09:01:06;2025-02-10T03:10:09;2025-02-10T01:58:57
3;on french concrete;2324;lotion hmph;2025-02-10T06:16:27;2025-02-10T04:00:49;2025-02-10T15:34:05;2025-02-10T14:33:04;2025-02-10T01:34:13
4;absent overconfidently nice;26104;among;2025-02-10T16:53:17;2025-02-10T14:20:29;2025-02-10T18:40:57;2025-02-10T05:11:05;2025-02-10T04:19:45
5;chapel including ugh;30396;hourly whoa;2025-02-10T06:39:09;2025-02-10T19:32:56;2025-02-10T18:41:25;2025-02-09T23:45:58;2025-02-10T06:05:54
6;onset;1969;nun oddly;2025-02-10T08:45:50;2025-02-10T14:51:07;2025-02-10T16:03:59;2025-02-10T01:10:23;2025-02-10T02:38:26
7;if ouch;13831;following yahoo;2025-02-10T01:58:58;2025-02-10T16:46:13;2025-02-10T04:14:25;2025-02-10T00:06:34;2025-02-10T01:06:44
8;considering duh;6270;preheat;2025-02-10T18:05:28;2025-02-10T11:00:40;2025-02-09T21:38:21;2025-02-10T13:29:12;2025-02-10T02:49:21
9;digitize affect;20899;fill kookily yet;2025-02-10T18:23:25;2025-02-10T00:31:04;2025-02-10T14:13:46;2025-02-10T00:27:38;2025-02-09T23:17:33
10;indeed circa;5202;fast;2025-02-10T07:11:38;2025-02-10T07:24:44;2025-02-09T21:41:17;2025-02-10T01:41:04;2025-02-10T14:23:18
