id;date_queen_change;reminder_id;external_id;uuid;date_created;date_modified;date_synched;date_deleted;date_finished
1;2025-02-10T14:21:21;hoick dimly than;29889;rekindle duh awkwardly;2025-02-10T16:05:21;2025-02-10T12:52:15;2025-02-10T13:50:10;2025-02-10T09:14:05;2025-02-10T11:10:30
2;2025-02-10T00:47:31;doubtfully and;29720;failing;2025-02-10T03:36:25;2025-02-10T08:38:28;2025-02-10T04:37:36;2025-02-10T14:47:25;2025-02-10T00:40:03
3;2025-02-10T12:10:42;flimsy blah except;19971;lucky log ecstatic;2025-02-10T04:18:48;2025-02-10T05:48:49;2025-02-10T04:49:39;2025-02-10T10:25:18;2025-02-10T13:00:13
4;2025-02-10T08:19:42;short;15020;among wise;2025-02-10T05:05:11;2025-02-10T01:20:06;2025-02-10T16:18:08;2025-02-10T07:24:04;2025-02-10T12:59:23
5;2025-02-10T16:14:13;enthusiastically yieldingly worth;12400;intermesh between;2025-02-10T05:47:45;2025-02-10T04:56:18;2025-02-10T08:57:03;2025-02-09T20:07:42;2025-02-10T00:58:05
6;2025-02-09T20:48:37;sweetly till;23786;gallivant especially supposing;2025-02-09T22:07:20;2025-02-10T13:15:16;2025-02-10T10:05:20;2025-02-10T02:32:13;2025-02-10T07:16:05
7;2025-02-10T03:05:25;now anxiously descent;2300;flame reword;2025-02-10T11:16:17;2025-02-10T18:43:15;2025-02-09T21:16:55;2025-02-10T14:30:49;2025-02-10T11:54:45
8;2025-02-10T19:15:54;allegation joyously versus;23954;whereas until pillory;2025-02-10T05:51:59;2025-02-10T13:30:24;2025-02-10T14:58:44;2025-02-10T08:24:36;2025-02-10T16:34:57
9;2025-02-10T03:40:14;athwart gruesome whether;23576;past;2025-02-10T00:20:00;2025-02-09T23:55:21;2025-02-10T08:53:17;2025-02-10T10:16:01;2025-02-10T18:28:24
10;2025-02-10T14:38:31;into outstanding off;7583;repentant unto ugh;2025-02-10T16:42:59;2025-02-10T08:48:45;2025-02-10T02:16:19;2025-02-10T12:51:34;2025-02-10T12:03:58
