id;note;external_id;uuid;date_created;date_modified;date_synched;date_deleted
1;darn solution unless;21537;emerge meanwhile oh;2025-02-10T10:20:53;2025-02-10T04:23:41;2025-02-10T05:16:29;2025-02-09T23:32:27
2;sense yahoo;13010;pink meanwhile;2025-02-10T18:38:26;2025-02-10T02:06:56;2025-02-10T03:37:16;2025-02-10T05:56:06
3;well scrap;15124;true whoa whoa;2025-02-10T01:06:41;2025-02-10T14:41:06;2025-02-10T06:53:24;2025-02-10T17:38:30
4;scrap chilly;21418;excepting;2025-02-10T06:13:11;2025-02-10T09:26:46;2025-02-10T19:24:11;2025-02-09T23:34:54
5;bracelet shudder if;15025;forecast gadzooks doubtfully;2025-02-10T00:38:44;2025-02-10T09:49:52;2025-02-10T05:58:57;2025-02-10T03:53:42
6;hourly besides whereas;17013;even;2025-02-10T02:06:45;2025-02-09T20:12:51;2025-02-10T11:02:17;2025-02-10T16:27:28
7;afterwards heavy;23680;readily willfully;2025-02-10T01:56:53;2025-02-09T23:27:54;2025-02-10T05:52:30;2025-02-10T07:00:03
8;record ick carpool;7;ugh wherever optimal;2025-02-10T04:47:54;2025-02-10T04:45:41;2025-02-09T22:18:42;2025-02-10T08:02:46
9;gosh at;8940;boohoo;2025-02-10T13:28:58;2025-02-10T01:05:39;2025-02-10T18:12:48;2025-02-10T15:12:32
10;bah;7282;bran along;2025-02-10T16:42:02;2025-02-10T15:26:56;2025-02-09T20:25:05;2025-02-10T03:57:22
